date,bristol,police,#bristol,#unitedkingdom,#free,yes,#foodwaste,last,#bristolprotests,@bristolbears,people,protest,#bristolprotest,violence,#killthebill,like,one,@aspolice,protests,would,united,kingdom,city,@bristolcity,today,posted,photo,get,well,back,great,x,really,@bristol247,see,night,game,@bristolvor,#zerowaste,two,think,time,@egglestonmathew,@ccshoreditch,man,@northbristolnhs,white,years,good,thank,lovely,got,@sharonhallam7,stand,tesco,community,new,thanks,mixed,protestors,@thebristolcable,green,us,@pondleg,@chrisbristol10,measles,@bristolcouncil,home,@baileyofbristol,day,ha,around,centre,marching,@crepycidon,@milzybristol,@foxclaire,@bristolcitywfc,women,#internationalwomensday,happy,easter,@bristolbluegas,fire,three,week,love,year,still,need,riots,riot,peaceful,@chelseafcw,go,luck,season,tonight,bournemouth,twelve,six,sheff,utd,loaf,better,bill,officers,v,work,could,call,please,win,looking,little,wrap,scenes,right,going
2021-03-01,101.0,1.0,95.0,84.0,84.0,1.0,76.0,1.0,1.0,1.0,1.0,1.0,1.0,1.0,1.0,9.0,19.0,1.0,1.0,10.0,32.0,32.0,1.0,1.0,9.0,25.0,26.0,1.0,1.0,1.0,1.0,1.0,1.0,1.0,1.0,1.0,1.0,22.0,1.0,11.0,11.0,1.0,1.0,1.0,1.0,1.0,1.0,1.0,1.0,1.0,1.0,1.0,1.0,1.0,1.0,1.0,12.0,1.0,1.0,1.0,1.0,1.0,1.0,1.0,1.0,1.0,1.0,1.0,1.0,8.0,1.0,1.0,1.0,1.0,1.0,1.0,1.0,1.0,1.0,1.0,1.0,1.0,1.0,1.0,1.0,11.0,1.0,1.0,10.0,1.0,1.0,1.0,1.0,1.0,1.0,1.0,1.0,1.0,1.0,1.0,1.0,1.0,1.0,1.0,1.0,1.0,1.0,1.0,1.0,1.0,1.0,1.0,1.0,1.0,1.0,1.0,1.0,1.0,1.0
2021-03-02,102.0,1.0,100.0,81.0,81.0,1.0,63.0,1.0,1.0,1.0,1.0,1.0,1.0,1.0,1.0,1.0,9.0,1.0,1.0,17.0,27.0,27.0,10.0,1.0,9.0,24.0,23.0,1.0,1.0,10.0,1.0,1.0,1.0,1.0,9.0,1.0,1.0,1.0,18.0,1.0,1.0,1.0,1.0,1.0,1.0,1.0,11.0,1.0,1.0,1.0,1.0,1.0,1.0,1.0,1.0,1.0,1.0,1.0,1.0,1.0,1.0,1.0,11.0,1.0,1.0,1.0,1.0,1.0,1.0,1.0,1.0,1.0,1.0,1.0,1.0,1.0,1.0,1.0,1.0,1.0,1.0,1.0,1.0,1.0,1.0,1.0,1.0,1.0,1.0,1.0,1.0,1.0,1.0,1.0,1.0,1.0,1.0,1.0,1.0,1.0,1.0,1.0,1.0,8.0,8.0,1.0,1.0,1.0,1.0,1.0,1.0,1.0,1.0,1.0,1.0,1.0,1.0,1.0,1.0
2021-03-03,64.0,1.0,79.0,66.0,66.0,1.0,49.0,1.0,1.0,1.0,1.0,1.0,1.0,1.0,1.0,1.0,16.0,1.0,1.0,14.0,1.0,1.0,14.0,18.0,1.0,1.0,1.0,1.0,1.0,1.0,12.0,9.0,1.0,1.0,1.0,1.0,1.0,1.0,17.0,17.0,1.0,10.0,1.0,1.0,1.0,1.0,1.0,1.0,1.0,1.0,1.0,1.0,1.0,1.0,12.0,1.0,1.0,1.0,1.0,1.0,1.0,1.0,1.0,1.0,1.0,1.0,1.0,1.0,1.0,1.0,1.0,1.0,1.0,1.0,1.0,1.0,1.0,1.0,1.0,1.0,1.0,1.0,1.0,1.0,1.0,1.0,1.0,1.0,1.0,1.0,1.0,1.0,1.0,1.0,1.0,1.0,1.0,1.0,9.0,9.0,8.0,8.0,8.0,1.0,1.0,1.0,1.0,1.0,1.0,1.0,1.0,1.0,1.0,1.0,1.0,1.0,1.0,1.0,1.0
2021-03-04,81.0,1.0,70.0,61.0,59.0,1.0,49.0,1.0,1.0,1.0,1.0,1.0,1.0,1.0,1.0,1.0,1.0,1.0,1.0,14.0,37.0,37.0,1.0,1.0,1.0,23.0,23.0,1.0,1.0,1.0,11.0,8.0,1.0,1.0,1.0,1.0,1.0,7.0,10.0,7.0,1.0,7.0,1.0,1.0,1.0,1.0,1.0,1.0,1.0,1.0,1.0,1.0,1.0,1.0,1.0,1.0,1.0,1.0,1.0,1.0,1.0,1.0,7.0,1.0,1.0,1.0,1.0,1.0,1.0,9.0,1.0,1.0,1.0,1.0,1.0,1.0,1.0,1.0,1.0,1.0,1.0,1.0,8.0,1.0,1.0,1.0,7.0,1.0,1.0,1.0,1.0,1.0,1.0,1.0,1.0,1.0,1.0,1.0,1.0,1.0,1.0,1.0,1.0,1.0,1.0,1.0,1.0,1.0,1.0,1.0,1.0,1.0,1.0,1.0,1.0,1.0,1.0,1.0,1.0
2021-03-05,88.0,1.0,91.0,79.0,79.0,1.0,68.0,6.0,1.0,7.0,1.0,1.0,1.0,1.0,1.0,1.0,13.0,1.0,1.0,1.0,33.0,33.0,1.0,1.0,1.0,27.0,26.0,7.0,1.0,8.0,1.0,7.0,1.0,1.0,1.0,1.0,1.0,1.0,11.0,8.0,1.0,1.0,1.0,1.0,1.0,1.0,1.0,1.0,8.0,1.0,1.0,1.0,1.0,1.0,1.0,1.0,1.0,1.0,1.0,1.0,1.0,1.0,1.0,1.0,1.0,1.0,1.0,1.0,1.0,6.0,1.0,1.0,1.0,1.0,1.0,1.0,1.0,1.0,1.0,1.0,1.0,1.0,1.0,1.0,1.0,7.0,1.0,1.0,1.0,1.0,1.0,1.0,1.0,1.0,1.0,1.0,1.0,1.0,1.0,1.0,1.0,1.0,1.0,1.0,1.0,1.0,1.0,1.0,1.0,1.0,1.0,1.0,1.0,1.0,1.0,1.0,1.0,1.0,1.0
2021-03-06,103.0,1.0,80.0,64.0,63.0,1.0,51.0,1.0,1.0,21.0,1.0,1.0,1.0,1.0,1.0,1.0,14.0,1.0,1.0,1.0,27.0,27.0,24.0,23.0,19.0,18.0,18.0,14.0,13.0,13.0,13.0,12.0,12.0,1.0,1.0,1.0,1.0,1.0,1.0,1.0,1.0,1.0,1.0,1.0,1.0,1.0,1.0,1.0,1.0,1.0,1.0,1.0,1.0,1.0,1.0,1.0,1.0,1.0,1.0,1.0,1.0,1.0,1.0,1.0,1.0,1.0,1.0,1.0,1.0,1.0,1.0,1.0,1.0,1.0,1.0,1.0,1.0,1.0,1.0,1.0,1.0,1.0,1.0,1.0,1.0,1.0,1.0,1.0,1.0,1.0,1.0,1.0,1.0,1.0,1.0,1.0,1.0,1.0,1.0,1.0,1.0,1.0,1.0,1.0,1.0,1.0,1.0,1.0,1.0,1.0,1.0,1.0,1.0,1.0,1.0,1.0,1.0,1.0,1.0
2021-03-07,75.0,1.0,58.0,51.0,50.0,1.0,46.0,1.0,1.0,1.0,7.0,1.0,1.0,1.0,1.0,1.0,7.0,1.0,1.0,1.0,21.0,21.0,1.0,16.0,10.0,10.0,12.0,10.0,1.0,1.0,7.0,7.0,1.0,1.0,7.0,1.0,1.0,1.0,1.0,1.0,1.0,1.0,1.0,1.0,1.0,1.0,1.0,1.0,10.0,1.0,1.0,1.0,1.0,1.0,1.0,1.0,8.0,1.0,1.0,1.0,1.0,1.0,7.0,1.0,1.0,1.0,1.0,1.0,1.0,1.0,1.0,1.0,1.0,1.0,1.0,1.0,1.0,1.0,1.0,1.0,1.0,1.0,1.0,1.0,1.0,1.0,1.0,1.0,1.0,1.0,1.0,1.0,1.0,1.0,1.0,1.0,1.0,1.0,1.0,1.0,1.0,1.0,1.0,1.0,1.0,1.0,1.0,1.0,1.0,1.0,1.0,1.0,1.0,1.0,1.0,1.0,1.0,1.0,1.0
2021-03-08,96.0,1.0,80.0,68.0,68.0,1.0,59.0,1.0,1.0,1.0,1.0,1.0,1.0,1.0,1.0,1.0,14.0,1.0,1.0,16.0,27.0,27.0,13.0,1.0,15.0,24.0,24.0,1.0,11.0,1.0,12.0,1.0,1.0,1.0,1.0,1.0,1.0,1.0,1.0,1.0,1.0,1.0,1.0,1.0,1.0,1.0,1.0,1.0,1.0,1.0,1.0,1.0,1.0,1.0,1.0,1.0,1.0,1.0,1.0,1.0,1.0,1.0,1.0,1.0,1.0,1.0,1.0,1.0,1.0,18.0,1.0,1.0,1.0,1.0,1.0,1.0,1.0,23.0,22.0,17.0,11.0,1.0,1.0,1.0,1.0,1.0,1.0,1.0,1.0,1.0,1.0,1.0,1.0,1.0,1.0,1.0,1.0,1.0,1.0,1.0,1.0,1.0,1.0,1.0,1.0,1.0,1.0,1.0,1.0,1.0,1.0,1.0,1.0,1.0,1.0,1.0,1.0,1.0,1.0
2021-03-09,61.0,1.0,65.0,54.0,54.0,1.0,46.0,11.0,1.0,1.0,1.0,1.0,1.0,1.0,1.0,11.0,1.0,1.0,1.0,9.0,16.0,16.0,1.0,8.0,1.0,16.0,17.0,1.0,9.0,12.0,15.0,1.0,1.0,1.0,1.0,9.0,11.0,10.0,8.0,1.0,1.0,1.0,1.0,1.0,1.0,1.0,1.0,1.0,1.0,1.0,1.0,1.0,1.0,1.0,1.0,1.0,1.0,1.0,1.0,1.0,1.0,1.0,1.0,1.0,1.0,1.0,1.0,1.0,1.0,1.0,1.0,1.0,1.0,1.0,1.0,1.0,1.0,1.0,1.0,1.0,1.0,1.0,1.0,1.0,1.0,1.0,1.0,1.0,1.0,1.0,1.0,1.0,1.0,1.0,1.0,1.0,1.0,1.0,1.0,1.0,1.0,1.0,1.0,1.0,1.0,1.0,1.0,1.0,1.0,1.0,1.0,1.0,1.0,1.0,1.0,1.0,1.0,1.0,1.0
2021-03-10,87.0,1.0,79.0,72.0,71.0,1.0,65.0,1.0,1.0,1.0,1.0,1.0,1.0,1.0,1.0,1.0,11.0,1.0,1.0,1.0,30.0,30.0,1.0,1.0,7.0,22.0,22.0,1.0,1.0,1.0,7.0,7.0,8.0,1.0,1.0,1.0,1.0,1.0,6.0,6.0,1.0,1.0,1.0,1.0,1.0,8.0,1.0,1.0,1.0,1.0,1.0,1.0,1.0,1.0,1.0,1.0,7.0,7.0,5.0,1.0,1.0,1.0,1.0,1.0,1.0,1.0,1.0,1.0,1.0,1.0,1.0,1.0,1.0,1.0,1.0,1.0,1.0,1.0,1.0,1.0,1.0,1.0,1.0,1.0,1.0,1.0,1.0,1.0,1.0,1.0,1.0,1.0,1.0,1.0,1.0,1.0,1.0,1.0,1.0,1.0,1.0,1.0,1.0,1.0,1.0,1.0,1.0,1.0,1.0,1.0,1.0,1.0,1.0,1.0,1.0,1.0,1.0,1.0,1.0
2021-03-11,87.0,1.0,80.0,64.0,63.0,1.0,57.0,1.0,1.0,1.0,1.0,1.0,1.0,1.0,1.0,1.0,8.0,1.0,1.0,11.0,30.0,30.0,12.0,1.0,1.0,24.0,23.0,1.0,1.0,17.0,1.0,1.0,1.0,1.0,1.0,8.0,1.0,1.0,1.0,12.0,1.0,11.0,1.0,1.0,1.0,1.0,1.0,1.0,1.0,1.0,1.0,1.0,1.0,1.0,1.0,1.0,8.0,1.0,1.0,1.0,1.0,1.0,1.0,1.0,1.0,1.0,1.0,1.0,1.0,1.0,1.0,1.0,1.0,1.0,9.0,9.0,9.0,1.0,1.0,1.0,1.0,1.0,1.0,1.0,1.0,1.0,1.0,1.0,1.0,1.0,1.0,1.0,1.0,1.0,1.0,1.0,1.0,1.0,1.0,1.0,1.0,1.0,1.0,1.0,1.0,1.0,1.0,1.0,1.0,1.0,1.0,1.0,1.0,1.0,1.0,1.0,1.0,1.0,1.0
2021-03-12,98.0,1.0,75.0,68.0,68.0,1.0,56.0,1.0,1.0,47.0,1.0,1.0,1.0,1.0,1.0,1.0,14.0,1.0,1.0,17.0,20.0,20.0,16.0,9.0,1.0,18.0,19.0,1.0,1.0,1.0,14.0,1.0,1.0,1.0,1.0,1.0,1.0,1.0,12.0,1.0,1.0,1.0,1.0,1.0,1.0,1.0,1.0,1.0,15.0,1.0,1.0,1.0,1.0,1.0,1.0,1.0,1.0,1.0,1.0,1.0,1.0,1.0,14.0,1.0,1.0,1.0,1.0,1.0,1.0,1.0,1.0,1.0,1.0,1.0,1.0,1.0,1.0,1.0,1.0,1.0,1.0,1.0,1.0,1.0,1.0,1.0,1.0,1.0,1.0,1.0,1.0,1.0,1.0,1.0,1.0,1.0,1.0,1.0,1.0,1.0,1.0,1.0,1.0,1.0,1.0,1.0,1.0,15.0,9.0,1.0,1.0,1.0,1.0,1.0,1.0,1.0,1.0,1.0,1.0
2021-03-13,102.0,1.0,74.0,61.0,60.0,1.0,49.0,1.0,1.0,12.0,1.0,1.0,1.0,1.0,1.0,1.0,13.0,1.0,1.0,15.0,21.0,21.0,20.0,39.0,1.0,16.0,15.0,17.0,11.0,1.0,1.0,1.0,1.0,1.0,11.0,1.0,1.0,1.0,11.0,1.0,1.0,1.0,1.0,1.0,1.0,1.0,1.0,1.0,12.0,1.0,1.0,1.0,1.0,1.0,1.0,1.0,1.0,1.0,1.0,1.0,1.0,1.0,1.0,1.0,1.0,1.0,1.0,1.0,1.0,1.0,1.0,1.0,1.0,1.0,1.0,1.0,1.0,1.0,1.0,1.0,1.0,1.0,1.0,10.0,1.0,1.0,1.0,1.0,1.0,1.0,1.0,1.0,1.0,1.0,1.0,1.0,1.0,1.0,1.0,1.0,1.0,1.0,1.0,1.0,1.0,1.0,1.0,1.0,1.0,1.0,1.0,1.0,1.0,1.0,1.0,1.0,1.0,1.0,1.0
2021-03-14,102.0,1.0,82.0,80.0,78.0,1.0,69.0,1.0,1.0,1.0,1.0,1.0,1.0,1.0,1.0,1.0,1.0,1.0,1.0,11.0,25.0,25.0,17.0,1.0,14.0,17.0,16.0,1.0,1.0,1.0,1.0,1.0,1.0,1.0,1.0,1.0,1.0,1.0,9.0,1.0,1.0,1.0,1.0,1.0,1.0,1.0,1.0,1.0,12.0,1.0,1.0,1.0,1.0,1.0,1.0,1.0,1.0,1.0,1.0,1.0,1.0,1.0,1.0,1.0,1.0,1.0,1.0,1.0,1.0,23.0,1.0,1.0,1.0,1.0,1.0,1.0,1.0,28.0,1.0,1.0,11.0,1.0,1.0,1.0,1.0,1.0,1.0,1.0,1.0,1.0,1.0,1.0,1.0,14.0,11.0,11.0,1.0,1.0,1.0,1.0,1.0,1.0,1.0,1.0,1.0,1.0,1.0,1.0,1.0,1.0,1.0,1.0,1.0,1.0,1.0,1.0,1.0,1.0,1.0
2021-03-15,69.0,1.0,102.0,85.0,85.0,1.0,73.0,1.0,1.0,1.0,1.0,1.0,1.0,1.0,1.0,1.0,11.0,1.0,1.0,9.0,18.0,18.0,9.0,1.0,1.0,18.0,16.0,1.0,1.0,1.0,1.0,8.0,1.0,1.0,8.0,1.0,1.0,1.0,12.0,1.0,1.0,1.0,1.0,1.0,1.0,1.0,1.0,1.0,1.0,1.0,1.0,1.0,1.0,1.0,1.0,1.0,1.0,1.0,1.0,1.0,1.0,1.0,1.0,1.0,1.0,1.0,1.0,1.0,1.0,9.0,1.0,1.0,1.0,1.0,1.0,1.0,1.0,1.0,1.0,1.0,1.0,1.0,1.0,1.0,7.0,7.0,1.0,1.0,1.0,1.0,1.0,1.0,1.0,1.0,1.0,1.0,1.0,1.0,1.0,1.0,1.0,1.0,1.0,1.0,1.0,1.0,1.0,1.0,1.0,8.0,7.0,1.0,1.0,1.0,1.0,1.0,1.0,1.0,1.0
2021-03-16,93.0,1.0,101.0,94.0,93.0,1.0,84.0,1.0,1.0,1.0,1.0,1.0,1.0,1.0,1.0,1.0,10.0,1.0,1.0,15.0,23.0,23.0,14.0,1.0,1.0,21.0,22.0,11.0,1.0,1.0,1.0,9.0,1.0,1.0,1.0,1.0,1.0,1.0,9.0,12.0,1.0,8.0,1.0,1.0,1.0,1.0,1.0,1.0,12.0,1.0,1.0,1.0,1.0,1.0,1.0,1.0,1.0,1.0,1.0,1.0,1.0,1.0,1.0,1.0,1.0,1.0,1.0,1.0,1.0,1.0,1.0,1.0,1.0,1.0,1.0,1.0,1.0,1.0,1.0,1.0,1.0,1.0,1.0,1.0,1.0,1.0,11.0,1.0,1.0,1.0,1.0,1.0,1.0,1.0,7.0,1.0,1.0,1.0,1.0,1.0,1.0,1.0,1.0,1.0,1.0,1.0,1.0,1.0,1.0,1.0,1.0,1.0,1.0,1.0,1.0,1.0,1.0,1.0,1.0
2021-03-17,107.0,1.0,60.0,44.0,44.0,1.0,38.0,1.0,1.0,1.0,1.0,1.0,1.0,1.0,1.0,10.0,11.0,1.0,1.0,11.0,17.0,17.0,27.0,13.0,1.0,17.0,15.0,1.0,1.0,1.0,9.0,1.0,1.0,1.0,10.0,1.0,1.0,1.0,1.0,1.0,1.0,1.0,1.0,1.0,1.0,1.0,1.0,1.0,12.0,1.0,1.0,1.0,1.0,1.0,1.0,1.0,1.0,1.0,1.0,1.0,1.0,1.0,1.0,1.0,1.0,1.0,1.0,1.0,1.0,1.0,1.0,1.0,1.0,1.0,1.0,1.0,1.0,1.0,1.0,1.0,1.0,1.0,1.0,1.0,1.0,1.0,1.0,1.0,1.0,1.0,1.0,1.0,1.0,1.0,1.0,1.0,1.0,11.0,1.0,1.0,1.0,1.0,1.0,1.0,1.0,1.0,1.0,1.0,1.0,1.0,1.0,11.0,10.0,1.0,1.0,1.0,1.0,1.0,1.0
2021-03-18,93.0,1.0,85.0,77.0,77.0,1.0,65.0,1.0,1.0,1.0,1.0,1.0,1.0,1.0,1.0,1.0,17.0,1.0,1.0,9.0,26.0,26.0,7.0,1.0,1.0,19.0,18.0,1.0,1.0,1.0,12.0,10.0,1.0,1.0,7.0,1.0,1.0,1.0,12.0,1.0,1.0,1.0,1.0,1.0,1.0,1.0,1.0,1.0,1.0,1.0,1.0,1.0,1.0,1.0,1.0,1.0,1.0,1.0,1.0,1.0,1.0,1.0,9.0,1.0,1.0,1.0,1.0,1.0,1.0,1.0,1.0,1.0,1.0,1.0,1.0,1.0,1.0,1.0,1.0,1.0,1.0,1.0,1.0,1.0,1.0,1.0,1.0,1.0,1.0,1.0,1.0,1.0,1.0,1.0,1.0,1.0,1.0,1.0,1.0,1.0,1.0,1.0,1.0,1.0,1.0,1.0,1.0,1.0,1.0,1.0,1.0,1.0,1.0,9.0,8.0,7.0,1.0,1.0,1.0
2021-03-19,86.0,1.0,66.0,56.0,56.0,1.0,51.0,1.0,1.0,1.0,1.0,1.0,1.0,1.0,1.0,1.0,1.0,1.0,1.0,7.0,32.0,32.0,11.0,1.0,1.0,22.0,20.0,1.0,1.0,8.0,1.0,10.0,1.0,1.0,1.0,1.0,1.0,1.0,1.0,7.0,8.0,7.0,1.0,1.0,1.0,1.0,1.0,1.0,10.0,1.0,1.0,1.0,1.0,1.0,1.0,1.0,1.0,6.0,1.0,1.0,1.0,1.0,1.0,1.0,1.0,1.0,1.0,1.0,1.0,1.0,1.0,1.0,1.0,1.0,1.0,1.0,1.0,1.0,1.0,1.0,1.0,1.0,1.0,1.0,1.0,7.0,7.0,1.0,1.0,1.0,1.0,1.0,1.0,1.0,1.0,1.0,1.0,1.0,1.0,1.0,1.0,1.0,1.0,1.0,1.0,1.0,1.0,1.0,1.0,1.0,1.0,1.0,1.0,1.0,1.0,1.0,1.0,1.0,1.0
2021-03-20,97.0,1.0,61.0,59.0,59.0,1.0,55.0,1.0,1.0,1.0,1.0,1.0,1.0,1.0,1.0,11.0,12.0,1.0,1.0,1.0,27.0,26.0,14.0,15.0,17.0,18.0,18.0,1.0,1.0,1.0,11.0,10.0,1.0,1.0,1.0,1.0,1.0,13.0,1.0,1.0,1.0,1.0,1.0,1.0,1.0,1.0,1.0,1.0,17.0,1.0,1.0,1.0,1.0,1.0,1.0,1.0,1.0,1.0,1.0,1.0,1.0,1.0,1.0,1.0,1.0,1.0,1.0,1.0,1.0,1.0,1.0,1.0,1.0,1.0,1.0,11.0,1.0,1.0,1.0,1.0,1.0,1.0,1.0,1.0,1.0,1.0,1.0,1.0,1.0,1.0,1.0,1.0,1.0,1.0,1.0,1.0,10.0,1.0,1.0,1.0,1.0,1.0,1.0,1.0,1.0,1.0,1.0,1.0,1.0,1.0,1.0,1.0,1.0,1.0,1.0,1.0,1.0,1.0,1.0
2021-03-21,465.0,151.0,193.0,67.0,67.0,1.0,59.0,1.0,1.0,35.0,61.0,101.0,42.0,1.0,52.0,1.0,1.0,1.0,41.0,1.0,1.0,1.0,38.0,1.0,39.0,1.0,1.0,1.0,1.0,1.0,1.0,1.0,1.0,1.0,1.0,1.0,1.0,1.0,1.0,1.0,1.0,1.0,1.0,1.0,1.0,1.0,1.0,1.0,1.0,1.0,1.0,1.0,1.0,1.0,1.0,1.0,1.0,1.0,1.0,1.0,1.0,1.0,1.0,1.0,1.0,1.0,1.0,1.0,1.0,1.0,1.0,1.0,1.0,1.0,1.0,1.0,1.0,1.0,1.0,1.0,1.0,1.0,1.0,1.0,1.0,1.0,1.0,1.0,1.0,1.0,1.0,1.0,1.0,1.0,1.0,1.0,1.0,57.0,1.0,1.0,1.0,1.0,1.0,1.0,1.0,48.0,36.0,1.0,1.0,1.0,1.0,1.0,1.0,1.0,1.0,1.0,48.0,40.0,36.0
2021-03-22,472.0,181.0,140.0,64.0,64.0,1.0,57.0,100.0,1.0,1.0,101.0,90.0,63.0,67.0,1.0,1.0,1.0,1.0,51.0,41.0,1.0,1.0,39.0,1.0,1.0,1.0,1.0,39.0,1.0,1.0,1.0,1.0,1.0,1.0,1.0,80.0,1.0,1.0,1.0,1.0,1.0,1.0,1.0,1.0,1.0,1.0,1.0,1.0,1.0,1.0,1.0,1.0,1.0,1.0,1.0,1.0,1.0,1.0,1.0,1.0,1.0,1.0,1.0,1.0,1.0,1.0,1.0,1.0,1.0,1.0,1.0,1.0,1.0,1.0,1.0,1.0,1.0,1.0,1.0,1.0,1.0,1.0,1.0,1.0,1.0,1.0,1.0,1.0,1.0,1.0,39.0,1.0,42.0,1.0,1.0,1.0,1.0,1.0,1.0,1.0,1.0,1.0,1.0,1.0,1.0,52.0,37.0,1.0,1.0,1.0,1.0,1.0,1.0,1.0,1.0,1.0,1.0,1.0,1.0
2021-03-23,145.0,33.0,71.0,55.0,55.0,1.0,46.0,1.0,1.0,1.0,11.0,19.0,10.0,1.0,1.0,17.0,13.0,1.0,1.0,15.0,19.0,19.0,1.0,1.0,1.0,20.0,19.0,1.0,1.0,1.0,1.0,1.0,1.0,1.0,1.0,1.0,1.0,15.0,1.0,1.0,1.0,1.0,1.0,1.0,1.0,1.0,1.0,1.0,1.0,1.0,1.0,1.0,1.0,1.0,1.0,1.0,1.0,1.0,1.0,1.0,1.0,1.0,1.0,1.0,1.0,1.0,1.0,1.0,1.0,1.0,1.0,1.0,1.0,1.0,1.0,1.0,1.0,1.0,1.0,1.0,1.0,1.0,1.0,1.0,1.0,1.0,1.0,1.0,1.0,1.0,11.0,10.0,9.0,1.0,1.0,1.0,1.0,1.0,1.0,1.0,1.0,1.0,1.0,1.0,1.0,1.0,1.0,1.0,1.0,1.0,1.0,1.0,1.0,1.0,1.0,1.0,1.0,1.0,1.0
2021-03-24,140.0,26.0,82.0,58.0,58.0,1.0,48.0,12.0,1.0,1.0,15.0,14.0,1.0,1.0,11.0,1.0,1.0,1.0,1.0,18.0,35.0,34.0,18.0,1.0,1.0,31.0,27.0,1.0,1.0,1.0,11.0,1.0,1.0,15.0,11.0,11.0,1.0,1.0,1.0,1.0,1.0,1.0,1.0,1.0,1.0,1.0,1.0,1.0,1.0,1.0,1.0,1.0,1.0,1.0,1.0,1.0,1.0,1.0,1.0,1.0,1.0,1.0,1.0,1.0,1.0,1.0,1.0,1.0,1.0,1.0,1.0,1.0,1.0,1.0,1.0,1.0,1.0,1.0,1.0,1.0,1.0,1.0,1.0,1.0,1.0,1.0,1.0,1.0,1.0,1.0,1.0,1.0,1.0,1.0,1.0,1.0,1.0,1.0,1.0,1.0,1.0,1.0,1.0,1.0,1.0,1.0,1.0,1.0,1.0,1.0,1.0,1.0,1.0,1.0,1.0,1.0,1.0,1.0,1.0
2021-03-25,93.0,18.0,90.0,71.0,71.0,1.0,63.0,1.0,1.0,1.0,1.0,1.0,1.0,1.0,1.0,1.0,12.0,1.0,1.0,9.0,26.0,26.0,1.0,1.0,1.0,21.0,20.0,1.0,1.0,1.0,1.0,1.0,8.0,1.0,1.0,1.0,1.0,1.0,1.0,1.0,1.0,12.0,1.0,1.0,1.0,11.0,11.0,9.0,8.0,8.0,8.0,1.0,1.0,1.0,1.0,1.0,1.0,1.0,1.0,1.0,1.0,1.0,1.0,1.0,1.0,1.0,1.0,1.0,1.0,1.0,1.0,1.0,1.0,1.0,1.0,1.0,1.0,1.0,1.0,1.0,1.0,1.0,1.0,1.0,1.0,1.0,1.0,1.0,1.0,1.0,1.0,1.0,1.0,1.0,1.0,1.0,1.0,1.0,1.0,1.0,1.0,1.0,1.0,1.0,1.0,1.0,1.0,1.0,1.0,1.0,1.0,1.0,1.0,1.0,1.0,1.0,1.0,1.0,1.0
2021-03-26,208.0,59.0,81.0,54.0,54.0,1.0,47.0,1.0,1.0,1.0,27.0,26.0,1.0,1.0,1.0,1.0,21.0,1.0,1.0,1.0,26.0,26.0,18.0,1.0,1.0,22.0,21.0,15.0,1.0,1.0,1.0,1.0,1.0,1.0,24.0,1.0,1.0,1.0,1.0,20.0,1.0,1.0,1.0,1.0,1.0,1.0,1.0,1.0,1.0,1.0,1.0,1.0,1.0,1.0,1.0,1.0,1.0,1.0,1.0,18.0,1.0,1.0,1.0,1.0,1.0,1.0,1.0,1.0,1.0,1.0,1.0,1.0,1.0,1.0,1.0,1.0,1.0,1.0,1.0,1.0,1.0,1.0,1.0,1.0,1.0,1.0,1.0,1.0,1.0,1.0,1.0,1.0,15.0,1.0,1.0,1.0,1.0,19.0,1.0,1.0,1.0,1.0,1.0,1.0,1.0,1.0,1.0,1.0,1.0,1.0,1.0,1.0,1.0,1.0,1.0,1.0,1.0,1.0,1.0
2021-03-27,316.0,140.0,109.0,70.0,70.0,60.0,60.0,49.0,46.0,42.0,40.0,35.0,34.0,34.0,32.0,32.0,31.0,31.0,31.0,30.0,1.0,1.0,1.0,1.0,1.0,1.0,1.0,1.0,1.0,1.0,1.0,1.0,1.0,1.0,1.0,1.0,1.0,1.0,1.0,1.0,1.0,1.0,1.0,1.0,1.0,1.0,1.0,1.0,1.0,1.0,1.0,1.0,1.0,1.0,1.0,1.0,1.0,1.0,1.0,1.0,1.0,1.0,1.0,1.0,1.0,1.0,1.0,1.0,1.0,1.0,1.0,1.0,1.0,1.0,1.0,1.0,1.0,1.0,1.0,1.0,1.0,1.0,1.0,1.0,1.0,1.0,1.0,1.0,1.0,1.0,1.0,1.0,1.0,1.0,1.0,1.0,1.0,1.0,1.0,1.0,1.0,1.0,1.0,1.0,1.0,1.0,1.0,1.0,1.0,1.0,1.0,1.0,1.0,1.0,1.0,1.0,1.0,1.0,1.0
2021-03-28,137.0,41.0,58.0,39.0,39.0,1.0,33.0,1.0,1.0,12.0,1.0,1.0,1.0,1.0,1.0,10.0,14.0,1.0,10.0,14.0,32.0,32.0,17.0,1.0,1.0,22.0,20.0,1.0,1.0,1.0,1.0,1.0,1.0,1.0,9.0,1.0,11.0,1.0,1.0,1.0,10.0,1.0,1.0,1.0,10.0,1.0,1.0,1.0,1.0,1.0,1.0,1.0,1.0,1.0,1.0,1.0,1.0,1.0,1.0,1.0,1.0,1.0,1.0,1.0,1.0,1.0,1.0,1.0,1.0,1.0,1.0,1.0,1.0,1.0,1.0,1.0,1.0,1.0,1.0,1.0,1.0,1.0,1.0,1.0,1.0,1.0,1.0,1.0,1.0,1.0,1.0,1.0,1.0,1.0,1.0,1.0,1.0,1.0,1.0,1.0,1.0,1.0,1.0,1.0,1.0,1.0,1.0,1.0,1.0,1.0,1.0,1.0,1.0,1.0,1.0,1.0,1.0,1.0,1.0
2021-03-29,97.0,17.0,73.0,65.0,65.0,1.0,59.0,1.0,1.0,13.0,1.0,1.0,1.0,1.0,1.0,1.0,13.0,1.0,1.0,1.0,23.0,23.0,1.0,1.0,1.0,23.0,20.0,1.0,8.0,1.0,8.0,1.0,1.0,1.0,7.0,1.0,1.0,1.0,6.0,7.0,1.0,1.0,1.0,1.0,1.0,1.0,1.0,1.0,1.0,1.0,1.0,1.0,1.0,7.0,6.0,6.0,1.0,1.0,1.0,1.0,1.0,1.0,1.0,1.0,1.0,1.0,1.0,1.0,1.0,1.0,1.0,1.0,1.0,1.0,1.0,1.0,1.0,1.0,1.0,1.0,1.0,1.0,1.0,1.0,1.0,1.0,1.0,1.0,1.0,1.0,1.0,1.0,1.0,1.0,1.0,1.0,1.0,1.0,1.0,1.0,1.0,1.0,1.0,1.0,1.0,1.0,1.0,1.0,1.0,1.0,1.0,1.0,1.0,1.0,1.0,1.0,1.0,1.0,1.0
2021-03-30,93.0,26.0,90.0,60.0,60.0,1.0,51.0,1.0,12.0,1.0,1.0,13.0,25.0,1.0,34.0,10.0,1.0,1.0,1.0,1.0,23.0,22.0,12.0,1.0,13.0,26.0,27.0,1.0,1.0,1.0,1.0,1.0,1.0,1.0,1.0,1.0,1.0,1.0,1.0,1.0,1.0,1.0,1.0,1.0,1.0,1.0,1.0,1.0,1.0,1.0,1.0,1.0,1.0,1.0,1.0,1.0,1.0,1.0,1.0,27.0,12.0,10.0,1.0,1.0,1.0,1.0,1.0,1.0,1.0,1.0,1.0,1.0,1.0,1.0,1.0,1.0,1.0,1.0,1.0,1.0,1.0,1.0,1.0,1.0,1.0,1.0,1.0,1.0,1.0,1.0,1.0,1.0,1.0,1.0,1.0,1.0,1.0,1.0,1.0,1.0,1.0,1.0,1.0,1.0,1.0,1.0,1.0,1.0,1.0,1.0,1.0,1.0,1.0,1.0,1.0,1.0,1.0,1.0,1.0
2021-03-31,84.0,1.0,69.0,59.0,59.0,1.0,51.0,1.0,1.0,1.0,8.0,1.0,1.0,1.0,1.0,1.0,9.0,1.0,1.0,8.0,24.0,24.0,1.0,1.0,1.0,19.0,17.0,10.0,1.0,9.0,1.0,1.0,1.0,1.0,1.0,1.0,1.0,1.0,8.0,1.0,1.0,1.0,1.0,1.0,1.0,1.0,1.0,1.0,11.0,1.0,1.0,1.0,1.0,1.0,1.0,1.0,1.0,1.0,1.0,1.0,1.0,1.0,1.0,18.0,18.0,11.0,10.0,1.0,1.0,1.0,1.0,1.0,1.0,1.0,1.0,1.0,1.0,1.0,1.0,1.0,1.0,1.0,1.0,1.0,1.0,1.0,1.0,1.0,1.0,1.0,1.0,1.0,1.0,1.0,1.0,1.0,1.0,1.0,1.0,1.0,1.0,1.0,1.0,1.0,1.0,1.0,1.0,1.0,1.0,1.0,1.0,1.0,1.0,1.0,1.0,1.0,1.0,1.0,1.0
2021-04-01,63.0,1.0,69.0,64.0,64.0,1.0,56.0,1.0,1.0,1.0,1.0,1.0,1.0,1.0,1.0,1.0,1.0,1.0,1.0,1.0,18.0,18.0,1.0,1.0,6.0,14.0,13.0,1.0,1.0,1.0,7.0,1.0,1.0,1.0,1.0,1.0,1.0,1.0,9.0,8.0,1.0,1.0,1.0,1.0,1.0,1.0,8.0,1.0,13.0,8.0,1.0,1.0,1.0,1.0,1.0,1.0,7.0,1.0,1.0,1.0,1.0,7.0,1.0,1.0,1.0,1.0,1.0,1.0,13.0,8.0,1.0,1.0,1.0,1.0,1.0,1.0,1.0,1.0,1.0,1.0,1.0,1.0,1.0,1.0,1.0,1.0,1.0,1.0,1.0,1.0,1.0,1.0,1.0,1.0,1.0,1.0,1.0,1.0,1.0,1.0,1.0,1.0,1.0,1.0,1.0,1.0,1.0,1.0,1.0,1.0,1.0,1.0,1.0,1.0,1.0,1.0,1.0,1.0,1.0
2021-04-02,100.0,1.0,71.0,56.0,56.0,1.0,50.0,1.0,1.0,1.0,1.0,1.0,1.0,1.0,1.0,1.0,17.0,1.0,1.0,17.0,21.0,21.0,24.0,34.0,14.0,19.0,18.0,1.0,1.0,11.0,1.0,1.0,1.0,1.0,14.0,1.0,11.0,1.0,1.0,1.0,1.0,16.0,1.0,1.0,1.0,1.0,1.0,1.0,1.0,1.0,1.0,1.0,1.0,1.0,1.0,1.0,1.0,1.0,1.0,1.0,1.0,1.0,14.0,1.0,1.0,1.0,1.0,11.0,1.0,1.0,1.0,1.0,1.0,1.0,1.0,1.0,1.0,1.0,1.0,1.0,1.0,1.0,1.0,1.0,1.0,1.0,1.0,1.0,1.0,1.0,1.0,1.0,1.0,1.0,1.0,1.0,1.0,1.0,1.0,1.0,1.0,1.0,1.0,1.0,1.0,1.0,1.0,1.0,1.0,1.0,1.0,1.0,1.0,1.0,1.0,1.0,1.0,1.0,1.0
2021-04-03,114.0,29.0,95.0,61.0,60.0,1.0,51.0,1.0,1.0,1.0,15.0,1.0,31.0,1.0,40.0,1.0,14.0,1.0,1.0,1.0,22.0,22.0,16.0,1.0,1.0,16.0,16.0,1.0,1.0,1.0,1.0,1.0,1.0,1.0,1.0,1.0,1.0,1.0,1.0,1.0,1.0,1.0,1.0,1.0,1.0,1.0,1.0,1.0,1.0,1.0,1.0,1.0,1.0,1.0,1.0,1.0,1.0,1.0,1.0,40.0,1.0,1.0,1.0,1.0,1.0,1.0,1.0,1.0,1.0,1.0,19.0,15.0,14.0,13.0,1.0,1.0,1.0,1.0,1.0,1.0,1.0,1.0,1.0,1.0,1.0,1.0,1.0,1.0,1.0,1.0,1.0,1.0,1.0,1.0,1.0,1.0,1.0,1.0,1.0,1.0,1.0,1.0,1.0,1.0,1.0,1.0,1.0,1.0,1.0,1.0,1.0,1.0,1.0,1.0,1.0,1.0,1.0,1.0,1.0
2021-04-04,110.0,1.0,74.0,50.0,50.0,1.0,41.0,1.0,1.0,25.0,1.0,1.0,1.0,1.0,1.0,1.0,15.0,1.0,1.0,1.0,31.0,31.0,1.0,1.0,16.0,18.0,15.0,1.0,1.0,11.0,9.0,1.0,1.0,1.0,1.0,1.0,15.0,1.0,9.0,1.0,1.0,1.0,1.0,1.0,1.0,1.0,1.0,1.0,1.0,1.0,1.0,1.0,1.0,1.0,1.0,1.0,1.0,1.0,1.0,1.0,1.0,1.0,1.0,1.0,1.0,1.0,1.0,1.0,1.0,13.0,1.0,1.0,1.0,1.0,1.0,1.0,1.0,1.0,1.0,1.0,18.0,20.0,9.0,1.0,1.0,1.0,1.0,1.0,1.0,1.0,1.0,1.0,1.0,1.0,1.0,1.0,1.0,1.0,1.0,1.0,1.0,1.0,1.0,1.0,1.0,1.0,1.0,1.0,1.0,1.0,1.0,1.0,1.0,1.0,1.0,1.0,1.0,1.0,1.0
2021-04-05,99.0,1.0,55.0,44.0,44.0,1.0,41.0,1.0,1.0,1.0,1.0,1.0,1.0,1.0,1.0,1.0,16.0,1.0,1.0,12.0,21.0,21.0,29.0,39.0,12.0,20.0,23.0,13.0,1.0,1.0,1.0,1.0,1.0,1.0,1.0,1.0,1.0,1.0,1.0,11.0,1.0,12.0,1.0,1.0,1.0,1.0,1.0,1.0,16.0,1.0,1.0,1.0,1.0,1.0,1.0,1.0,1.0,1.0,1.0,1.0,1.0,1.0,1.0,1.0,1.0,1.0,1.0,1.0,1.0,1.0,1.0,1.0,1.0,1.0,1.0,1.0,1.0,1.0,1.0,1.0,1.0,1.0,12.0,1.0,12.0,1.0,1.0,1.0,1.0,1.0,1.0,1.0,1.0,1.0,1.0,1.0,1.0,1.0,1.0,1.0,1.0,1.0,1.0,1.0,1.0,1.0,1.0,1.0,1.0,1.0,1.0,1.0,1.0,1.0,1.0,1.0,1.0,1.0,1.0
2021-04-06,79.0,1.0,57.0,47.0,47.0,1.0,42.0,1.0,1.0,1.0,1.0,1.0,1.0,1.0,1.0,1.0,8.0,1.0,1.0,15.0,17.0,17.0,1.0,1.0,1.0,17.0,19.0,7.0,1.0,7.0,1.0,1.0,1.0,1.0,1.0,1.0,1.0,1.0,1.0,9.0,1.0,8.0,1.0,1.0,1.0,1.0,1.0,1.0,11.0,1.0,1.0,1.0,1.0,1.0,1.0,1.0,1.0,1.0,1.0,1.0,1.0,1.0,1.0,1.0,1.0,1.0,1.0,1.0,1.0,1.0,1.0,1.0,1.0,1.0,1.0,1.0,1.0,1.0,1.0,1.0,1.0,1.0,7.0,1.0,1.0,1.0,1.0,7.0,7.0,7.0,1.0,1.0,1.0,1.0,1.0,1.0,1.0,1.0,1.0,1.0,1.0,1.0,1.0,1.0,1.0,1.0,1.0,1.0,1.0,1.0,1.0,1.0,1.0,1.0,1.0,1.0,1.0,1.0,1.0
2021-04-07,91.0,1.0,64.0,55.0,54.0,1.0,43.0,1.0,1.0,1.0,9.0,1.0,1.0,1.0,1.0,1.0,20.0,1.0,1.0,14.0,24.0,24.0,1.0,1.0,1.0,19.0,22.0,8.0,9.0,10.0,1.0,1.0,1.0,1.0,1.0,1.0,1.0,10.0,11.0,1.0,1.0,1.0,1.0,1.0,1.0,1.0,1.0,1.0,1.0,9.0,1.0,9.0,9.0,1.0,1.0,1.0,1.0,1.0,1.0,1.0,1.0,1.0,1.0,1.0,1.0,1.0,1.0,1.0,1.0,1.0,1.0,1.0,1.0,1.0,1.0,1.0,1.0,1.0,1.0,1.0,1.0,1.0,1.0,1.0,1.0,1.0,1.0,1.0,1.0,1.0,1.0,1.0,1.0,1.0,1.0,1.0,1.0,1.0,1.0,1.0,1.0,1.0,1.0,1.0,1.0,1.0,1.0,1.0,1.0,1.0,1.0,1.0,1.0,1.0,1.0,1.0,1.0,1.0,1.0
2021-04-08,85.0,1.0,60.0,54.0,53.0,1.0,42.0,1.0,1.0,1.0,1.0,1.0,1.0,1.0,1.0,1.0,13.0,1.0,1.0,1.0,17.0,17.0,8.0,1.0,7.0,16.0,18.0,1.0,9.0,1.0,1.0,1.0,1.0,1.0,1.0,1.0,1.0,13.0,11.0,10.0,8.0,8.0,8.0,8.0,1.0,1.0,1.0,1.0,1.0,1.0,1.0,1.0,1.0,1.0,1.0,1.0,1.0,1.0,1.0,1.0,1.0,1.0,1.0,1.0,1.0,1.0,1.0,1.0,1.0,1.0,1.0,1.0,1.0,1.0,1.0,1.0,1.0,1.0,1.0,1.0,1.0,1.0,1.0,1.0,1.0,1.0,1.0,1.0,1.0,1.0,1.0,1.0,1.0,1.0,1.0,1.0,1.0,1.0,1.0,1.0,1.0,1.0,1.0,1.0,1.0,1.0,1.0,1.0,1.0,1.0,1.0,1.0,1.0,1.0,1.0,1.0,1.0,1.0,1.0